id,value,sigma
NIST-82,6.67248,0.00043
TR\&D-96,6.6729,0.0005
LANL-97,6.67398,0.00070
UWash-00,6.674255,0.000092
BIPM-01,6.67559,0.00027
UWup-02,6.67422,0.00098
MSL-03,6.67387,0.00027
HUST-05,6.67222,0.00087
UZur-06,6.67425,0.00012
HUST-09,6.67349,0.00018
BIPM-14,6.67554,0.00016
LENS-14,6.67191,0.00099
UCI-14,6.67435,0.00013
HUST_T-18,6.674184,0.000078
HUST_A-18,6.674484,0.000077
JILA-18,6.67260,0.00025
